CS?,Spec Name,Spec Type,Attribute Path,Attribute Type,PK?,Idx?,Lcl?,Lnk?,Min,Max,Edit?,NP?,Default,Length,Hidden?,RULE,en_US DisplayName

,SpecCtg_PR,PRIMARY_SPEC,CODE_CICRCH,STRING,yes,yes,,,1,,,,,12,,UNIQUE|yes,
,SpecCtg_PR,PRIMARY_SPEC,CODE_RESEAU,STRING,,yes,,,1,,,,,4,,UNIQUE|yes,
,SpecCtg_PR,PRIMARY_SPEC,CODE_IMMUABLE,STRING,,yes,,,1,,,,,6,,UNIQUE|yes,
,SpecCtg_PR,PRIMARY_SPEC,CODE_CHANTIER,LOOKUP_TABLE,,yes,,,1,,,,,2,,UNIQUE|yes,
,SpecCtg_PR,PRIMARY_SPEC,LIBELLE_CHANTIER_PR,STRING,,yes,,,1,,,,,255,,,
,SpecCtg_PR,PRIMARY_SPEC,LIBELLE_POINT_REMARQUABLE,STRING,,yes,,,1,,,,,255,,UNIQUE|yes,
,SpecCtg_PR,PRIMARY_SPEC,ID_LIEU_BAREME,INTEGER,,,,,1,,,,,,,UNIQUE|yes,
,SpecCtg_PR,PRIMARY_SPEC,CODE_REGION,LOOKUP_TABLE,,,,,0,,,,,2,,,
,SpecCtg_PR,PRIMARY_SPEC,CODE_TYPE_INFRASTRUCTURE,LOOKUP_TABLE,,,,,1,,,,,1,,,
,SpecCtg_PR,PRIMARY_SPEC,CODE_LOCALISATION,STRING,,,,,1,,,,,2,,,
,SpecCtg_PR,PRIMARY_SPEC,CODE_SOURCE,LOOKUP_TABLE,,,,,1,,,,,15,,,
,SpecCtg_PR,PRIMARY_SPEC,CODE_TYPE_REBROUSSEMENT,LOOKUP_TABLE,,,,,1,,,,,1,,,
,SpecCtg_PR,PRIMARY_SPEC,CODE_TYPE_PR,LOOKUP_TABLE,,,,,1,,,,,15,,,
,SpecCtg_PR,PRIMARY_SPEC,SUPERVISION,STRING,,,,,0,,,,,1,,,
,SpecCtg_PR,PRIMARY_SPEC,LONGITUDE,NUMBER,,,,,0,,,,,,,
,SpecCtg_PR,PRIMARY_SPEC,LATITUDE,NUMBER,,,,,0,,,,,,,
,SpecCtg_PR,PRIMARY_SPEC,POINT_FRONTIERE,FLAG,,,,,1,,,,,,,
,SpecCtg_PR,PRIMARY_SPEC,INDICATEUR_COMMANDABLE,FLAG,,,,,1,,,,,,,
,SpecCtg_PR,PRIMARY_SPEC,DDV_POINT_REMARQUABLE,DATE,,,,,1,,,,,,,
,SpecCtg_PR,PRIMARY_SPEC,DFV_POINT_REMARQUABLE,DATE,,,,,1,,,,,,,
,SpecCtg_PR,PRIMARY_SPEC,VERSION_MAJ_BAREME,STRING,,,,,0,,,,,10,,
,SpecCtg_PR,PRIMARY_SPEC,IND_RESEAU_REFV4,INTEGER,,,,,0,,,,,,,
,SpecCtg_PR,PRIMARY_SPEC,MAP_PRBP_PR,GROUPING,,,,,0,10,,,,,,
,SpecCtg_PR,PRIMARY_SPEC,MAP_PRBP_PR/CI_BP,STRING,,,,,1,,,,,6,,UNIQUE|yes
,SpecCtg_PR,PRIMARY_SPEC,MAP_PRBP_PR/CH_BP,STRING,,,,,1,,,,,2,,
,SpecCtg_PR,PRIMARY_SPEC,MAP_PRBP_PR/CR_BP,STRING,,,,,1,,,,,4,,
,SpecCtg_PR,PRIMARY_SPEC,MAP_PRBP_PR/CR_REFPROD,STRING,,,,,1,,,,,4,,UNIQUE|yes
,SpecCtg_PR,PRIMARY_SPEC,MAP_PRBP_PR/CI_REFPROD,STRING,,,,,1,,,,,6,,
,SpecCtg_PR,PRIMARY_SPEC,MAP_PRBP_PR/CH_REFPROD,STRING,,,,,1,,,,,2,,
,SpecCtg_PR,PRIMARY_SPEC,LOCALISATION_PR_PK,GROUPING,,,,,1,10,,,,,,
,SpecCtg_PR,PRIMARY_SPEC,LOCALISATION_PR_PK/CODE_RESEAU,STRING,,,,,1,,,,,4,,
,SpecCtg_PR,PRIMARY_SPEC,LOCALISATION_PR_PK/CODE_IMMUABLE,STRING,,,,,1,,,,,6,,
,SpecCtg_PR,PRIMARY_SPEC,LOCALISATION_PR_PK/CODE_CHANTIER,STRING,,,,,1,,,,,2,,
,SpecCtg_PR,PRIMARY_SPEC,LOCALISATION_PR_PK/CODE_LIGNE,STRING,,,,,1,,,,,6,,UNIQUE|yes
,SpecCtg_PR,PRIMARY_SPEC,LOCALISATION_PR_PK/RANG_TRONCON,INTEGER,,,,,1,,,,,,,
,SpecCtg_PR,PRIMARY_SPEC,LOCALISATION_PR_PK/RANG_POINT_KILOMETRIQUE,STRING,,,,,1,,,,,4,,
,SpecCtg_PR,PRIMARY_SPEC,LOCALISATION_PR_PK/DISTANCE_ POINT_KILOMETRIQUE,STRING,,,,,1,,,,,6,,
,SpecCtg_PR,PRIMARY_SPEC,LOCALISATION_PR_PK/INSTANCE_REFV4,FLAG,,,,,1,,,,,,,
,SpecCtg_PR,PRIMARY_SPEC,DISTANCE,RELATIONSHIP,,yes,,,,10,,yes,,,,
,SpecCtg_PR,PRIMARY_SPEC,LIEU_POINT_REMARQUABLE,GROUPING,,,,,,,,,,,,
,SpecCtg_PR,PRIMARY_SPEC,LIEU_POINT_REMARQUABLE/NUMERO_LIEU_REF,INTEGER,,yes,,,1,,,,,,,UNIQUE|yes
,SpecCtg_PR,PRIMARY_SPEC,LIEU_POINT_REMARQUABLE/DDV_LIEU_PR,DATE,,,,,1,,,,,,,
,SpecCtg_PR,PRIMARY_SPEC,LIEU_POINT_REMARQUABLE/DFV_LIEU_PR,DATE,,,,,1,,,,,,,

,SecSpec_Pays,SECONDARY_SPEC,CODE_PAYS,STRING,,yes,,,1,,,,,2,,UNIQUE|yes
,SecSpec_Pays,SECONDARY_SPEC,LIBELLE_PAYS,STRING,,yes,,,1,,,,,50,,
,SecSpec_Pays,SECONDARY_SPEC,DDV_PAYS,DATE,,,,,1,,,,,,,
,SecSpec_Pays,SECONDARY_SPEC,DFV_PAYS,DATE,,,,,1,,,,,,,
,SecSpec_Pays,SECONDARY_SPEC,VERSION_MAJ_BAREME,STRING,,,,,0,,,,,10,,
,SecSpec_Pays,SECONDARY_SPEC,CODE_LOCALISATION_BAREME,STRING,,,,,1,,,,,4,,UNIQUE|yes

,SecSpec_Reseau,SECONDARY_SPEC,CODE_RESEAU,STRING,,yes,,,1,,,,,4,,UNIQUE|yes
,SecSpec_Reseau,SECONDARY_SPEC,LIBELLE_RESEAU,STRING,,yes,,,1,,,,,255,,
,SecSpec_Reseau,SECONDARY_SPEC,CODE_PAYS,STRING,,,,,1,,,,,2,,
,SecSpec_Reseau,SECONDARY_SPEC,DDV_RESEAU,DATE,,,,,1,,,,,,,
,SecSpec_Reseau,SECONDARY_SPEC,DFV_RESEAU,DATE,,,,,1,,,,,,,
,SecSpec_Reseau,SECONDARY_SPEC,VERSION_MAJ_BAREME,STRING,,,,,0,,,,,10,,

,SecSpec_Localite,SECONDARY_SPEC,CODE_RESEAU,STRING,,yes,,,1,,,,,4,,UNIQUE|yes
,SecSpec_Localite,SECONDARY_SPEC,CODE_IMMUABLE,STRING,,yes,,,1,,,,,6,,
,SecSpec_Localite,SECONDARY_SPEC,LIBELLE_IMMUABLE,STRING,,yes,,,1,,,,,255,,UNIQUE|yes
,SecSpec_Localite,SECONDARY_SPEC,MNEMO_LOCALITE,STRING,,,,,0,,,,,3,,UNIQUE|yes
,SecSpec_Localite,SECONDARY_SPEC,CODE_SOURCE,STRING,,,,,1,,,,,15,,
,SecSpec_Localite,SECONDARY_SPEC,DDV_LOCALITE,DATE,,,,,1,,,,,,,
,SecSpec_Localite,SECONDARY_SPEC,DFV_LOCALITE,DATE,,,,,1,,,,,,,

,SpecLkp_RegionSNCF,LKP_SPEC,CODE_REGION,STRING,yes,yes,,,1,,,,,2,,UNIQUE|yes
,SpecLkp_RegionSNCF,LKP_SPEC,LIBELLE_REGION,STRING,,yes,,,1,,,,,50,,UNIQUE|yes
,SpecLkp_RegionSNCF,LKP_SPEC,MNEMONIQUE_REGION,STRING,,yes,,,1,,,,,3,,UNIQUE|yes
,SpecLkp_RegionSNCF,LKP_SPEC,INDICATEUR_REGION_PARISIENNE,FLAG,,,,,1,,,,,,,
,SpecLkp_RegionSNCF,LKP_SPEC,CODE_UG,STRING,,,,,0,,,,,6,,
,SpecLkp_RegionSNCF,LKP_SPEC,NUM_INTERNE_REGION,INTEGER,,,,,1,,,,,,,
,SpecLkp_RegionSNCF,LKP_SPEC,DDV_REGION,DATE,,,,,1,,,,,,,
,SpecLkp_RegionSNCF,LKP_SPEC,DFV_REGION,DATE,,,,,1,,,,,,,
,SpecLkp_RegionSNCF,LKP_SPEC,ID_REGION_REFV4,INTEGER,,,,,1,,,,,,,UNIQUE|yes
,SpecLkp_RegionSNCF,LKP_SPEC,DATE_MAJ_REFV4,DATE,,,,,0,,,,,,,

,SpecLkp_Chantier,LKP_SPEC,CODE_CHANTIER,STRING,yes,yes,,,1,,,,,2,,
,SpecLkp_Chantier,LKP_SPEC,LIBELLE_CHANTIER,STRING,,yes,,,1,,,,,255,,UNIQUE|yes
,SpecLkp_Chantier,LKP_SPEC,DDV_CHANTIER,DATE,,,,,1,,,,,,,UNIQUE|yes
,SpecLkp_Chantier,LKP_SPEC,DFV_CHANTIER,DATE,,,,,1,,,,,,,UNIQUE|yes

,SpecLkp_Type_PR,LKP_SPEC,CODE_TYPE_PR,STRING,yes,yes,,,1,,,,,15,,UNIQUE|yes
,SpecLkp_Type_PR,LKP_SPEC,LIBELLE_TYPE_PR,STRING,,yes,,,1,,,,,50,,UNIQUE|yes
,SpecLkp_Type_PR,LKP_SPEC,DDV_TYPE_PR,DATE,,,,,1,,,,,,,
,SpecLkp_Type_PR,LKP_SPEC,DFV_ TYPE_PR,DATE,,,,,1,,,,,,,
,SpecLkp_Type_PR,LKP_SPEC,NUMERO_BAREME,INTEGER,,,,,1,,,,,,,UNIQUE|yes
,SpecLkp_Type_PR,LKP_SPEC,VERSION_MAJ_BAREME,STRING,,,,,0,,,,,50,,

,SpecLkp_Source,LKP_SPEC,CODE_SOURCE,STRING,yes,yes,,,1,,,,,15,,UNIQUE|yes
,SpecLkp_Source,LKP_SPEC,LIBELLE_SOURCE,STRING,,yes,,,1,,,,,255,,UNIQUE|yes
,SpecLkp_Source,LKP_SPEC,DDV_SOURCE,DATE,,,,,1,,,,,,,
,SpecLkp_Source,LKP_SPEC,DFV_ SOURCE,DATE,,,,,1,,,,,,,

,SpecLkp_Type_Rebroussement,LKP_SPEC,CODE_TYPE_REBROUSSEMENT,STRING,yes,yes,,,1,,,,,1,,UNIQUE|yes
,SpecLkp_Type_Rebroussement,LKP_SPEC,CODE_TYPE_INFRASTRUCTURE,STRING,,yes,,,1,,,,,1,,
,SpecLkp_Type_Rebroussement,LKP_SPEC,LIBELLE_TYPE_REBROUSSEMENT,STRING,,yes,,,1,,,,,25,,UNIQUE|yes
,SpecLkp_Type_Rebroussement,LKP_SPEC,DDV_TYPE_REBROUSSEMENT,DATE,,,,,1,,,,,,,
,SpecLkp_Type_Rebroussement,LKP_SPEC,DFV_TYPE_REBROUSSEMENT,DATE,,,,,1,,,,,,,

,SpecLkp_Type_Infrastructure,LKP_SPEC,CODE_TYPE_INFRASTRUCTURE,STRING,yes,yes,,,1,,,,,1,,UNIQUE|yes
,SpecLkp_Type_Infrastructure,LKP_SPEC,LIBELLE_TYPE_INFRASTRUCTURE,STRING,,yes,,,1,,,,,25,,
,SpecLkp_Type_Infrastructure,LKP_SPEC,DDV_TYPE_INFRASTRUCTURE,DATE,,,,,1,,,,,,,
,SpecLkp_Type_Infrastructure,LKP_SPEC,DFV_TYPE_INFRASTRUCTURE,DATE,,,,,1,,,,,,,

,SpecCtg_Distance,PRIMARY_SPEC,PR_DEP,RELATIONSHIP,,yes,,,1,,,,,,,
,SpecCtg_Distance,PRIMARY_SPEC,PR_ARR,RELATIONSHIP,,yes,,,1,,,,,,,
,SpecCtg_Distance,PRIMARY_SPEC,DISTANCE,NUMBER,,yes,,,1,,,,,,,
,SpecCtg_Distance,PRIMARY_SPEC,VERSION_MAJ_BAREME,STRING,,,,,0,,,,,10,,



,SpecCtg_Activite,PRIMARY_SPEC,CODE_ACTIVITE,STRING,yes,yes,,,1,,,,,2,,UNIQUE|yes,
,SpecCtg_Activite,PRIMARY_SPEC,LIBELLE_ACTIVITE,STRING,,yes,,,1,,,,,100,,UNIQUE|yes,
,SpecCtg_Activite,PRIMARY_SPEC,CODE_UG,STRING,,yes,,,0,,,,,6,,,
,SpecCtg_Activite,PRIMARY_SPEC,DDV_ACTIVITE,DATE,,,,,1,,,,,,,,
,SpecCtg_Activite,PRIMARY_SPEC,DFV_ACTIVITE,DATE,,,,,1,,,,,,,,
,SpecCtg_Activite,PRIMARY_SPEC,VERSION_MAJ_BAREME,STRING,,,,,0,,,,,10,,,
,SpecCtg_Activite,PRIMARY_SPEC,ID_ACTIVITE_REFV4,INTEGER,,,,,1,,,,,,,UNIQUE|yes,
,SpecCtg_Activite,PRIMARY_SPEC,MAJ_ACTIVITE_REFV4,DATE,,,,,0,,,,,,,,

,SpecHier_RegroupementActivites,PRIMARY_SPEC,CODE_REGROUPEMENT_ACTIVITES,STRING,yes,yes,,,1,,,,,2,,UNIQUE|yes,
,SpecHier_RegroupementActivites,PRIMARY_SPEC,LIBELLE_REGROUPEMENT_ACTIVITES,STRING,,yes,,,1,,,,,100,,UNIQUE|yes,
,SpecHier_RegroupementActivites,PRIMARY_SPEC,MNEMONIQUE_REGROUPEMENT_ACTIVITES,STRING,,yes,,,0,,,,,3,,UNIQUE|yes
,SpecHier_RegroupementActivites,PRIMARY_SPEC,DDV_REGROUPEMENT_ACTIVITES,DATE,,,,,1,,,,,,,
,SpecHier_RegroupementActivites,PRIMARY_SPEC,DFV_REGROUPEMENT_ACTIVITES,DATE,,,,,1,,,,,,,

,SecSpec_SiteMaintenance,SECONDARY_SPEC,NUMERO_LIEU_REF,INTEGER,,yes,,,1,,,,,,,UNIQUE|yes
,SecSpec_SiteMaintenance,SECONDARY_SPEC,CODE_MA0077,STRING,,yes,,,1,,,,,3,,UNIQUE|yes
,SecSpec_SiteMaintenance,SECONDARY_SPEC,LIBELLE_SITE_MAINTENANCE,STRING,,yes,,,1,,,,,100,,UNIQUE|yes
,SecSpec_SiteMaintenance,SECONDARY_SPEC,CODE_TYPE_SITE_MAINTENANCE,LOOKUP_TABLE,,yes,,,1,,,,,8,,
,SecSpec_SiteMaintenance,SECONDARY_SPEC,CODE_TYPE_ETABLISSEMENT,STRING,,yes,,,0,,,,,8,,
,SecSpec_SiteMaintenance,SECONDARY_SPEC,LIBELLE_ETABLISSEMENT,STRING,,yes,,,0,,,,,35,,
,SecSpec_SiteMaintenance,SECONDARY_SPEC,ADRESSE,STRING,,,,,0,,,,,255,,
,SecSpec_SiteMaintenance,SECONDARY_SPEC,ADRESSE2,STRING,,,,,0,,,,,255,,
,SecSpec_SiteMaintenance,SECONDARY_SPEC,CODE_POSTAL,STRING,,,,,0,,,,,10,,
,SecSpec_SiteMaintenance,SECONDARY_SPEC,VILLE,STRING,,,,,0,,,,,255,,
,SecSpec_SiteMaintenance,SECONDARY_SPEC,INDICATEUR_PARC_TGV,FLAG,,,,,1,,,,,,,
,SecSpec_SiteMaintenance,SECONDARY_SPEC,INDICATEUR_PARC_TGV_VFE,FLAG,,,,,1,,,,,,,
,SecSpec_SiteMaintenance,SECONDARY_SPEC,INDICATEUR_PARC_AUTOMOTEUR,FLAG,,,,,1,,,,,
,SecSpec_SiteMaintenance,SECONDARY_SPEC,INDICATEUR_PARC_AUTOMOTEUR_VFE,FLAG,,,,,1,,,,,
,SecSpec_SiteMaintenance,SECONDARY_SPEC,INDICATEUR_PARC_AUTOMOTEUR_DTPRL,FLAG,,,,,1,,,,,
,SecSpec_SiteMaintenance,SECONDARY_SPEC,INDICATEUR_PARC_ AUTOMOTEUR_TER,FLAG,,,,,1,,,,,
,SecSpec_SiteMaintenance,SECONDARY_SPEC,INDICATEUR_PARC_ AUTOMOTEUR_CIC,FLAG,,,,,1,,,,,
,SecSpec_SiteMaintenance,SECONDARY_SPEC,INDICATEUR_PARC_ AUTOMOTEUR_TN,FLAG,,,,,1,,,,,
,SecSpec_SiteMaintenance,SECONDARY_SPEC,INDICATEUR_PARC_LOCOMOTIVE,FLAG,,,,,1,,,,,
,SecSpec_SiteMaintenance,SECONDARY_SPEC,INDICATEUR_PARC_LOCOMOTIVE_VFE,FLAG,,,,,1,,,,,
,SecSpec_SiteMaintenance,SECONDARY_SPEC,INDICATEUR_PARC_LOCOMOTIVE_DTPRL,FLAG,,,,,1,,,,,
,SecSpec_SiteMaintenance,SECONDARY_SPEC,INDICATEUR_PARC_ LOCOMOTIVE_TER,FLAG,,,,,1,,,,,
,SecSpec_SiteMaintenance,SECONDARY_SPEC,INDICATEUR_PARC_ LOCOMOTIVE_CIC,FLAG,,,,,1,,,,,
,SecSpec_SiteMaintenance,SECONDARY_SPEC,INDICATEUR_PARC_ LOCOMOTIVE_TN,FLAG,,,,,1,,,,,
,SecSpec_SiteMaintenance,SECONDARY_SPEC,INDICATEUR_PARC_ LOCOMOTIVE_FRET,FLAG,,,,,1,,,,,
,SecSpec_SiteMaintenance,SECONDARY_SPEC,INDICATEUR_PARC_REMORQUE,FLAG,,,,,1,,,,,
,SecSpec_SiteMaintenance,SECONDARY_SPEC,INDICATEUR_PARC_REMORQUE_VFE,FLAG,,,,,1,,,,,
,SecSpec_SiteMaintenance,SECONDARY_SPEC,INDICATEUR_PARC_REMORQUE_DTPRL,FLAG,,,,,1,,,,,
,SecSpec_SiteMaintenance,SECONDARY_SPEC,INDICATEUR_PARC_ REMORQUE_TER,FLAG,,,,,1,,,,,,,
,SecSpec_SiteMaintenance,SECONDARY_SPEC,INDICATEUR_PARC_ REMORQUE_CIC,FLAG,,,,,1,,,,,,,
,SecSpec_SiteMaintenance,SECONDARY_SPEC,INDICATEUR_PARC_ REMORQUE_TN,FLAG,,,,,1,,,,,,,
,SecSpec_SiteMaintenance,SECONDARY_SPEC,INDICATEUR_PARC_ REMORQUE_FRET,FLAG,,,,,1,,,,,,,
,SecSpec_SiteMaintenance,SECONDARY_SPEC,CODE_UC,STRING,,,,,0,,,,,5,,
,SecSpec_SiteMaintenance,SECONDARY_SPEC,CODE_UG,STRING,,,,,0,,,,,6,,
,SecSpec_SiteMaintenance,SECONDARY_SPEC,DDV_SITE_MAINTENANCE,DATE,,,,,1,,,,,,,
,SecSpec_SiteMaintenance,SECONDARY_SPEC,DFV_SITE_MAINTENANCE,DATE,,,,,1,,,,,,,
,SecSpec_SiteMaintenance,SECONDARY_SPEC,VERSION_MAJ_BAREME,STRING,,,,,0,,,,,10,,
,SecSpec_SiteMaintenance,SECONDARY_SPEC,REGION_PAYS_BAREME,STRING,,,,,0,,,,,35,,
,SecSpec_SiteMaintenance,SECONDARY_SPEC,DATE_MAJ_REFV4,DATE,,,,,0,,,,,,,
,SecSpec_SiteMaintenance,SECONDARY_SPEC,ID_ENTITE_REFV4,INTEGER,,,,,1,,,,,,,UNIQUE|yes
,SecSpec_SiteMaintenance,SECONDARY_SPEC,ID_SITE_REFV4,INTEGER,,,,,1,,,,,,,UNIQUE|yes
,SecSpec_SiteMaintenance,SECONDARY_SPEC,LIBELLE_COURT,STRING,,,,,0,,,,,17,,
,SecSpec_SiteMaintenance,SECONDARY_SPEC,LIBELLE_MOYEN,STRING,,,,,0,,,,,23,,
,SecSpec_SiteMaintenance,SECONDARY_SPEC,CODE_UG_ETABLISSEMENT,STRING,,,,,0,,,,,6,,
,SecSpec_SiteMaintenance,SECONDARY_SPEC,SITE_MAINTENANCE_ACTIVITE,GROUPING,,,,,1,10,,,,,,
,SecSpec_SiteMaintenance,SECONDARY_SPEC,SITE_MAINTENANCE_ACTIVITE/NUMERO_LIEU_REF,INTEGER,,yes,,,1,,,,,,,
,SecSpec_SiteMaintenance,SECONDARY_SPEC,SITE_MAINTENANCE_ACTIVITE/CODE_ACTIVITE,RELATIONSHIP,,yes,,,1,,,,,2,,UNIQUE|yes
,SecSpec_SiteMaintenance,SECONDARY_SPEC,SITE_MAINTENANCE_ACTIVITE/ID_MAP_ENTITE_ACTIVITE_REFV4,INTEGER,,,,,1,,,,,,,UNIQUE|yes

,SecSpec_Desserte,SECONDARY_SPEC,NUMERO_LIEU_REF,INTEGER,,yes,,,1,,,,,,,UNIQUE|yes
,SecSpec_Desserte,SECONDARY_SPEC,CODE_QLT2,STRING,,yes,,,1,,,,,5,,UNIQUE|yes
,SecSpec_Desserte,SECONDARY_SPEC,CODE_QLT1,STRING,,yes,,,0,,,,,5,,
,SecSpec_Desserte,SECONDARY_SPEC,CODE_ACTIVITE,RELATIONSHIP,,yes,,,1,,,,,2,,
,SecSpec_Desserte,SECONDARY_SPEC,CODE_UIC8,STRING,,yes,,,1,,,,,8,,
,SecSpec_Desserte,SECONDARY_SPEC,LIBELLE_COURT_DESSERTE,STRING,,yes,,,1,,,,,17,,
,SecSpec_Desserte,SECONDARY_SPEC,LIBELLE_MOYEN_DESSERTE,STRING,,yes,,,1,,,,,23,,
,SecSpec_Desserte,SECONDARY_SPEC,LIBELLE_LONG_DESSERTE,STRING,,yes,,,1,,,,,30,,
,SecSpec_Desserte,SECONDARY_SPEC,ADRESSE,STRING,,,,,0,,,,,255,,
,SecSpec_Desserte,SECONDARY_SPEC,ADRESSE2,STRING,,,,,0,,,,,255,,
,SecSpec_Desserte,SECONDARY_SPEC,CODE_POSTAL,STRING,,,,,1,,,,,10,,
,SecSpec_Desserte,SECONDARY_SPEC,VILLE,STRING,,,,,1,,,,,255,,
,SecSpec_Desserte,SECONDARY_SPEC,INDICATEUR_DDG,FLAG,,,,,1,,,,,,,
,SecSpec_Desserte,SECONDARY_SPEC,INDICATEUR_FERROVIAIRE,FLAG,,,,,1,,,,,,,
,SecSpec_Desserte,SECONDARY_SPEC,INDICATEUR_ROUTIERE,FLAG,,,,,1,,,,,,,
,SecSpec_Desserte,SECONDARY_SPEC,INDICATEUR_SERVICE_ASCT,FLAG,,,,,1,,,,,,,
,SecSpec_Desserte,SECONDARY_SPEC,CODE_UG,STRING,,,,,0,,,,,6,,
,SecSpec_Desserte,SECONDARY_SPEC,CODE_UC,STRING,,,,,0,,,,,5,,
,SecSpec_Desserte,SECONDARY_SPEC,DDV_DESSERTE,DATE,,,,,1,,,,,,,
,SecSpec_Desserte,SECONDARY_SPEC,DFV_DESSERTE,DATE,,,,,1,,,,,,,
,SecSpec_Desserte,SECONDARY_SPEC,DATE_MAJ,DATE,,,,,0,,,,,,,
,SecSpec_Desserte,SECONDARY_SPEC,ID_ENTITE_REFV4,INTEGER,,,,,1,,,,,,,UNIQUE|yes
,SecSpec_Desserte,SECONDARY_SPEC,ID_DESSERTE_REFV4,INTEGER,,,,,1,,,,,,,UNIQUE|yes
,SecSpec_Desserte,SECONDARY_SPEC,ID_MAP_ENTITE_ACTIVITE_REFV4,INTEGER,,,,,1,,,,,,,UNIQUE|yes

,SecSpec_PointParcoursTGV,SECONDARY_SPEC,NUMERO_LIEU_REF,INTEGER,,yes,,,1,,,,,,,UNIQUE|yes
,SecSpec_PointParcoursTGV,SECONDARY_SPEC,TR3A_COBRA,STRING,,yes,,,1,,,,,3,,UNIQUE|yes
,SecSpec_PointParcoursTGV,SECONDARY_SPEC,LIBELLE_POINT_PARCOURS_TGV,STRING,,yes,,,1,,,,,255,,UNIQUE|yes
,SecSpec_PointParcoursTGV,SECONDARY_SPEC,DDV_POINT_PARCOURS_TGV,DATE,,,,,1,,,,,,,
,SecSpec_PointParcoursTGV,SECONDARY_SPEC,DFV_POINT_PARCOURS_TGV,DATE,,,,,1,,,,,,,
,SecSpec_PointParcoursTGV,SECONDARY_SPEC,VERSION_MAJ_BAREME,STRING,,,,,0,,,,,10,,

,SecSpec_PointParcoursTN,SECONDARY_SPEC,NUMERO_LIEU_REF,INTEGER,,yes,,,1,,,,,,,UNIQUE|yes
,SecSpec_PointParcoursTN,SECONDARY_SPEC,TR3A_COROM,STRING,,yes,,,1,,,,,6,,UNIQUE|yes
,SecSpec_PointParcoursTN,SECONDARY_SPEC,LIBELLE_POINT_PARCOURS_TN,STRING,,yes,,,1,,,,,255,,UNIQUE|yes
,SecSpec_PointParcoursTN,SECONDARY_SPEC,DDV_POINT_PARCOURS_TN,DATE,,,,,1,,,,,,,
,SecSpec_PointParcoursTN,SECONDARY_SPEC,DFV_POINT_PARCOURS_TN,DATE,,,,,1,,,,,,,

,SecSpec_ReleveASCT,SECONDARY_SPEC,NUMERO_LIEU_REF,INTEGER,,yes,,,1,,,,,,,UNIQUE|yes
,SecSpec_ReleveASCT,SECONDARY_SPEC,TR3A_PTSIT,STRING,,yes,,,1,,,,,3,,UNIQUE|yes
,SecSpec_ReleveASCT,SECONDARY_SPEC,LIBELLE_ PTSIT,STRING,,yes,,,1,,,,,100,,
,SecSpec_ReleveASCT,SECONDARY_SPEC,DDV_RELEVE_ASCT,DATE,,,,,1,,,,,,,
,SecSpec_ReleveASCT,SECONDARY_SPEC,DFV_RELEVE_ASCT,DATE,,,,,1,,,,,,,

,SecSpec_ReleveADC,SECONDARY_SPEC,NUMERO_LIEU_REF,INTEGER,,yes,,,1,,,,,,,UNIQUE|yes
,SecSpec_ReleveADC,SECONDARY_SPEC,CODE_TT0020_LOCALITE,STRING,,yes,,,1,,,,,3,,
,SecSpec_ReleveADC,SECONDARY_SPEC,CODE_TT0020_CHANTIER,STRING,,yes,,,1,,,,,2,,UNIQUE|yes
,SecSpec_ReleveADC,SECONDARY_SPEC,LIBELLE_LOCALITE,STRING,,yes,,,1,,,,,255,,
,SecSpec_ReleveADC,SECONDARY_SPEC,LIBELLE_CHANTIER,STRING,,yes,,,1,,,,,255,,
,SecSpec_ReleveADC,SECONDARY_SPEC,CODE_RESEAU_TRACTION,STRING,,,,,0,,,,,4,,
,SecSpec_ReleveADC,SECONDARY_SPEC,CODE_IMMUABLE_TRACTION,STRING,,,,,0,,,,,6,,
,SecSpec_ReleveADC,SECONDARY_SPEC,CODE_CHANTIER_TRACTION,STRING,,,,,0,,,,,2,,
,SecSpec_ReleveADC,SECONDARY_SPEC,DDV_RELEVE_ADC,DATE,,,,,1,,,,,,,
,SecSpec_ReleveADC,SECONDARY_SPEC,DFV_RELEVE_ADC,DATE,,,,,1,,,,,,,

,SecSpec_PointParcoursCICTerCorail,SECONDARY_SPEC,NUMERO_LIEU_REF,INTEGER,,yes,,,1,,,,,,,UNIQUE|yes
,SecSpec_PointParcoursCICTerCorail,SECONDARY_SPEC,CODE_TT0020_LOCALITE,STRING,,yes,,,1,,,,,3,,
,SecSpec_PointParcoursCICTerCorail,SECONDARY_SPEC,CODE_TT0020_CHANTIER,STRING,,yes,,,1,,,,,2,,UNIQUE|yes
,SecSpec_PointParcoursCICTerCorail,SECONDARY_SPEC,DDV_POINT_PARCOURS_CIC,DATE,,,,,1,,,,,,,
,SecSpec_PointParcoursCICTerCorail,SECONDARY_SPEC,DFV_POINT_PARCOURS_CIC,DATE,,,,,1,,,,,,,

,SpecLkp_TypeSiteMaintenance,LKP_SPEC,CODE_TYPE_SITE_MAINTENANCE,STRING,yes,yes,,,1,,,,,15,,UNIQUE|yes
,SpecLkp_TypeSiteMaintenance,LKP_SPEC,LIBELLE_TYPE_SITE_MAINTENANCE,STRING,,yes,,,1,,,,,100,,UNIQUE|yes
,SpecLkp_TypeSiteMaintenance,LKP_SPEC,DDV_TYPE_SITE_MAINTENANCE,DATE,,,,,1,,,,,,,
,SpecLkp_TypeSiteMaintenance,LKP_SPEC,DFV_TYPE_SITE_MAINTENANCE,DATE,,,,,1,,,,,,,
,SpecLkp_TypeSiteMaintenance,LKP_SPEC,ID_TYPE_SITE_REFV4,INTEGER,,,,,1,,,,,,,UNIQUE|yes


